name,ra,dec,redshift,survey,ap_units,WFC3_UVIS_F275W_1,WFC3_UVIS_F275W_1_err,WFC3_UVIS_F275W_1_flux,WFC3_UVIS_F275W_1_flux_err,WFC3_UVIS_F275W_zeropoint
SN2009Y,220.5993708333333,-17.246780555555556,0.0102,HST,kpc,22.310479855467975,0.21845620386888434,5.414837740110079,1.0894956731538057,24.14444347341581
