name,ra,dec,redshift,survey,ap_units,WFC3_UVIS_F275W_1,WFC3_UVIS_F275W_1_err,WFC3_UVIS_F275W_1_flux,WFC3_UVIS_F275W_1_flux_err,WFC3_UVIS_F275W_zeropoint
SN2006py,340.42520833333333,-0.13691944444444445,0.057823,HST,kpc,23.36965582501198,0.08958336696848108,2.0404594683127733,0.1683569439179709,24.143975755935248
