name,ra,dec,redshift,survey,ap_units,WFC3_UVIS_F275W_1,WFC3_UVIS_F275W_1_err,WFC3_UVIS_F275W_1_flux,WFC3_UVIS_F275W_1_flux_err,WFC3_UVIS_F275W_zeropoint
CSS121114:090202+101800,135.50975,10.300027777777778,0.037193,HST,kpc,24.488453438481177,0.3745939013157459,0.7296390172040563,0.25173548124200346,24.14622356271735
