name,ra,dec,redshift,survey,WFC3_UVIS_F275W_2.744890127679217,WFC3_UVIS_F275W_2.744890127679217_err,WFC3_UVIS_F275W_2.744890127679217_flux,WFC3_UVIS_F275W_2.744890127679217_flux_err,WFC3_UVIS_F275W_zeropoint
IEPO2V010,19.67456,-7.44498,0.017752,HST,19.40028062651168,0.02696091085259558,79.08626457829293,1.4923221419448405,24.145533284818672
