name,ra,dec,redshift,survey,ap_units,WFC3_UVIS_F275W_1,WFC3_UVIS_F275W_1_err,WFC3_UVIS_F275W_1_flux,WFC3_UVIS_F275W_1_flux_err,WFC3_UVIS_F275W_zeropoint
SN2021gno,183.042875,13.249181,0.006211,HST,kpc,22.482170037353693,0.4260322462604679,4.62356195414697,1.8142403987426052,24.144611740856536
