name,ra,dec,redshift,survey,ap_units,WFC3_UVIS_F275W_1,WFC3_UVIS_F275W_1_err,WFC3_UVIS_F275W_1_flux,WFC3_UVIS_F275W_1_flux_err,WFC3_UVIS_F275W_zeropoint
PS15mt,148.68404166666664,23.198083333333333,0.071122,HST,kpc,23.946214100210113,0.13156277141894712,1.1997231544306817,0.1453750021788616,24.143916702049328
