name,ra,dec,redshift,survey,ap_units,WFC3_UVIS_F275W_1,WFC3_UVIS_F275W_1_err,WFC3_UVIS_F275W_1_flux,WFC3_UVIS_F275W_1_flux_err,WFC3_UVIS_F275W_zeropoint
SN2021adlr,47.799,-8.469561,0.029635,HST,kpc,23.152661368551634,0.13735894030773646,2.492556348279214,0.3153389351451399,24.144273831116298
