name,ra,dec,redshift,survey,ap_units,WFC3_UVIS_F275W_1,WFC3_UVIS_F275W_1_err,WFC3_UVIS_F275W_1_flux,WFC3_UVIS_F275W_1_flux_err,WFC3_UVIS_F275W_zeropoint
SN2016ecm,35.06041666666667,-40.88475,0.059606,HST,kpc,21.808534491932,0.024114579047000907,8.597886009893806,0.19096204116070303,24.14451369937346
