name,ra,dec,redshift,survey,ap_units,WFC3_UVIS_F275W_1,WFC3_UVIS_F275W_1_err,WFC3_UVIS_F275W_1_flux,WFC3_UVIS_F275W_1_flux_err,WFC3_UVIS_F275W_zeropoint
LSQ14fmg,334.1920833333333,15.353916666666667,0.065923,HST,kpc,25.165833607551463,0.41632105609130526,0.3902040170615938,0.14962211609250115,24.144062947662494
