name,ra,dec,redshift,survey,ap_units,WFC3_UVIS_F275W_1,WFC3_UVIS_F275W_1_err,WFC3_UVIS_F275W_1_flux,WFC3_UVIS_F275W_1_flux_err,WFC3_UVIS_F275W_zeropoint
SN2006E,208.3693708333333,5.206330555555556,0.002643,HST,kpc,18.436067503088225,0.024573876982364153,192.357973269122,4.3537105523208846,24.14634298456944
