name,ra,dec,redshift,survey,ap_units,WFC3_UVIS_F275W_1,WFC3_UVIS_F275W_1_err,WFC3_UVIS_F275W_1_flux,WFC3_UVIS_F275W_1_flux_err,WFC3_UVIS_F275W_zeropoint
KISS13j,182.41541666666666,16.203972222222223,0.076476,HST,kpc,26.92389596936655,1.7901009585205963,0.07744266437728052,0.12768312148441388,24.14634668498714
