name,ra,dec,redshift,survey,ap_units,WFC3_UVIS_F275W_1,WFC3_UVIS_F275W_1_err,WFC3_UVIS_F275W_1_flux,WFC3_UVIS_F275W_1_flux_err,WFC3_UVIS_F275W_zeropoint
SN2006eq,322.15470833333325,1.2281111111111112,0.049537,HST,kpc,26.32156003755532,1.5675093124982002,0.13463107554431636,0.19437084601445814,24.144423325828942
