name,ra,dec,redshift,survey,ap_units,WFC3_UVIS_F275W_1,WFC3_UVIS_F275W_1_err,WFC3_UVIS_F275W_1_flux,WFC3_UVIS_F275W_1_flux_err,WFC3_UVIS_F275W_zeropoint
ASASSN-14ig,19.020624999999995,-61.62130555555556,0.029115,HST,kpc,22.11143994692184,0.05546515409275657,6.513562115240696,0.33274724084111057,24.145986344573036
