name,ra,dec,redshift,survey,ap_units,WFC3_UVIS_F275W_1,WFC3_UVIS_F275W_1_err,WFC3_UVIS_F275W_1_flux,WFC3_UVIS_F275W_1_flux_err,WFC3_UVIS_F275W_zeropoint
SN2007if,17.714041666666667,15.461080555555554,0.075163,HST,kpc,25.25400255855408,0.39592445483293637,0.35981190632792653,0.13120897344214424,24.144191384141866
