name,ra,dec,redshift,survey,ap_units,WFC3_UVIS_F275W_1,WFC3_UVIS_F275W_1_err,WFC3_UVIS_F275W_1_flux,WFC3_UVIS_F275W_1_flux_err,WFC3_UVIS_F275W_zeropoint
PS15mb,134.9172083333333,15.186777777777777,0.028765,HST,kpc,21.822656987498604,0.042112098272650174,8.500186229245163,0.3296939682522084,24.146228089268913
