name,ra,dec,redshift,survey,ap_units,WFC3_UVIS_F275W_1,WFC3_UVIS_F275W_1_err,WFC3_UVIS_F275W_1_flux,WFC3_UVIS_F275W_1_flux_err,WFC3_UVIS_F275W_zeropoint
ASASSN-14mf,1.2269166666666667,-32.437397222222216,0.031209,HST,kpc,21.08382861084203,0.0216884262334313,16.745662707656287,0.3345076536761822,24.14358445926616
