name,ra,dec,redshift,survey,ap_units,WFC3_UVIS_F275W_1,WFC3_UVIS_F275W_1_err,WFC3_UVIS_F275W_1_flux,WFC3_UVIS_F275W_1_flux_err,WFC3_UVIS_F275W_zeropoint
SN2005dm,34.66354166666666,-6.9030000000000005,0.016847,HST,kpc,22.50450397574348,0.13264827036315138,4.526385141722686,0.5530046409208006,24.14388273700224
