name,ra,dec,redshift,survey,ap_units,WFC3_UVIS_F275W_1,WFC3_UVIS_F275W_1_err,WFC3_UVIS_F275W_1_flux,WFC3_UVIS_F275W_1_flux_err,WFC3_UVIS_F275W_zeropoint
KISS15n,195.13470833333332,27.978055555555553,0.02346,HST,kpc,23.792182223526616,0.3113514596585683,1.3821383939733733,0.3963493199617713,24.143561051689648
