name,ra,dec,redshift,survey,ap_units,WFC3_UVIS_F275W_1,WFC3_UVIS_F275W_1_err,WFC3_UVIS_F275W_1_flux,WFC3_UVIS_F275W_1_flux_err,WFC3_UVIS_F275W_zeropoint
SN2006ot,33.770170833333324,-20.766169444444444,0.053689,HST,kpc,24.347931302099244,0.23357481312688325,0.8298685156782691,0.17852990682264006,24.145454522681487
