name,ra,dec,redshift,survey,ap_units,WFC3_UVIS_F275W_1,WFC3_UVIS_F275W_1_err,WFC3_UVIS_F275W_1_flux,WFC3_UVIS_F275W_1_flux_err,WFC3_UVIS_F275W_zeropoint
SN2013ex,83.19424999999998,-14.04593888888889,0.010242,HST,kpc,21.6345476623306,0.10891411163813526,10.102987250523235,1.0134670617595114,24.145672174658433
