name,ra,dec,redshift,survey,ap_units,WFC3_UVIS_F275W_1,WFC3_UVIS_F275W_1_err,WFC3_UVIS_F275W_1_flux,WFC3_UVIS_F275W_1_flux_err,WFC3_UVIS_F275W_zeropoint
LSQ14ghv,50.93395833333333,-31.584213888888886,0.067037,HST,kpc,24.663048508769243,0.25557018852973745,0.6201633588034816,0.1459795352075868,24.14431376671686
