name,ra,dec,redshift,survey,ap_units,WFC3_UVIS_F275W_1,WFC3_UVIS_F275W_1_err,WFC3_UVIS_F275W_1_flux,WFC3_UVIS_F275W_1_flux_err,WFC3_UVIS_F275W_zeropoint
SN2013ct,18.22883333333333,0.9793611111111111,0.003905,HST,kpc,17.365384825240096,0.006833461513230563,515.8305615115084,3.2465605125715147,24.146652498470242
